<?xml version="1.0" encoding="UTF-8"?>
<userfile type="properties">
	<last_name></last_name>
	<as2EncryptKeyAlias></as2EncryptKeyAlias>
	<site>(SITE_PASS)(SITE_DOT)(SITE_EMAILPASSWORD)</site>
	<file_filter></file_filter>
	<max_download_amount_month>0</max_download_amount_month>
	<temp_upload_ext></temp_upload_ext>
	<default_group_command></default_group_command>
	<expire_password>false</expire_password>
	<allowed_protocols>ftp:0,ftps:0,sftp:0,http:0,https:0,webdav:0,</allowed_protocols>
	<speed_limit_upload>0</speed_limit_upload>
	<user_name>default</user_name>
	<admin_group_name></admin_group_name>
	<max_login_time>0</max_login_time>
	<first_name></first_name>
	<account_expire></account_expire>
	<welcome_message></welcome_message>
	<day_of_week_allow>1234567</day_of_week_allow>
	<auto_set_pass>false</auto_set_pass>
	<defaultsVersion>Version 9.3.2_59</defaultsVersion>
	<allow_user_shares>false</allow_user_shares>
	<logins_ip_auto_kick>false</logins_ip_auto_kick>
	<max_upload_amount_day>0</max_upload_amount_day>
	<parent_quota_dir></parent_quota_dir>
	<default_privs_command></default_privs_command>
	<as2EncryptKeystorePassword></as2EncryptKeystorePassword>
	<timezone_offset>0</timezone_offset>
	<partial_download>false</partial_download>
	<hours_of_day>0,1,2,3,4,5,6,7,8,9,10,11,12,13,14,15,16,17,18,19,20,21,22,23</hours_of_day>
	<email></email>
	<WebServerSSI>false</WebServerSSI>
	<as2EncryptKeystorePath></as2EncryptKeystorePath>
	<publickey_password>false</publickey_password>
	<max_upload_amount_month>0</max_upload_amount_month>
	<tunnels></tunnels>
	<max_idle_time>10</max_idle_time>
	<speed_limit_download>0</speed_limit_download>
	<min_download_speed>0</min_download_speed>
	<ssh_public_keys></ssh_public_keys>
	<default_owner_command></default_owner_command>
	<as3_allowed>false</as3_allowed>
	<max_logins_ip>0</max_logins_ip>
	<password>MD5:77343a52ba66f57f53c21eec2d613b82</password>
	<default_folder_privs_command></default_folder_privs_command>
	<web_buttons type="vector">
		<web_buttons_subitem type="properties">
			<forMenu>true</forMenu>
			<forContextMenu>true</forContextMenu>
			<key>(custom):Create Folder</key>
			<requiredPriv></requiredPriv>
			<value>javascript:performAction('createFolder');</value>
		</web_buttons_subitem>
		<web_buttons_subitem type="properties">
			<forMenu>true</forMenu>
			<forContextMenu>true</forContextMenu>
			<key>(download):Download</key>
			<requiredPriv>(read)</requiredPriv>
			<value>javascript:performAction('download');</value>
		</web_buttons_subitem>
		<web_buttons_subitem type="properties">
			<forMenu>false</forMenu>
			<forContextMenu>true</forContextMenu>
			<key>(zip):ZipDownload</key>
			<requiredPriv>(zip)</requiredPriv>
			<value>javascript:performAction("zip");</value>
		</web_buttons_subitem>
		<web_buttons_subitem type="properties">
			<forMenu>false</forMenu>
			<forContextMenu>true</forContextMenu>
			<key>(download):Advanced Download</key>
			<requiredPriv>(read)</requiredPriv>
			<value>javascript:performAction('quickAdvancedDownload');</value>
		</web_buttons_subitem>
		<web_buttons_subitem type="properties">
			<forMenu>true</forMenu>
			<forContextMenu>false</forContextMenu>
			<key>(options):User Options</key>
			<requiredPriv></requiredPriv>
			<value>javascript:performAction('userOptions');</value>
		</web_buttons_subitem>
		<web_buttons_subitem type="properties">
			<forMenu>true</forMenu>
			<forContextMenu>false</forContextMenu>
			<key>(search):Search</key>
			<requiredPriv>(view)</requiredPriv>
			<value>javascript:performAction('search');</value>
		</web_buttons_subitem>
		<web_buttons_subitem type="properties">
			<forMenu>true</forMenu>
			<forContextMenu>true</forContextMenu>
			<key>(paste):Paste</key>
			<requiredPriv>(write)</requiredPriv>
			<value>javascript:performAction('paste');</value>
		</web_buttons_subitem>
		<web_buttons_subitem type="properties">
			<forMenu>false</forMenu>
			<forContextMenu>true</forContextMenu>
			<key>(copy):Copy</key>
			<requiredPriv>(read)</requiredPriv>
			<value>javascript:doCopy();</value>
		</web_buttons_subitem>
		<web_buttons_subitem type="properties">
			<forMenu>false</forMenu>
			<forContextMenu>true</forContextMenu>
			<key>(cut):Cut</key>
			<requiredPriv>(rename)</requiredPriv>
			<value>javascript:performAction('cut');</value>
		</web_buttons_subitem>
		<web_buttons_subitem type="properties">
			<forMenu>true</forMenu>
			<forContextMenu>false</forContextMenu>
			<key>(upload):Upload</key>
			<requiredPriv>(write)</requiredPriv>
			<value>javascript:performAction('upload');</value>
		</web_buttons_subitem>
		<web_buttons_subitem type="properties">
			<forMenu>true</forMenu>
			<forContextMenu>true</forContextMenu>
			<key>(rename):Rename</key>
			<requiredPriv>(rename)</requiredPriv>
			<value>javascript:performAction('rename');</value>
		</web_buttons_subitem>
		<web_buttons_subitem type="properties">
			<forMenu>true</forMenu>
			<forContextMenu>true</forContextMenu>
			<key>(delete):Delete</key>
			<requiredPriv>(delete)</requiredPriv>
			<value>javascript:performAction('delete');</value>
		</web_buttons_subitem>
		<web_buttons_subitem type="properties">
			<forMenu>true</forMenu>
			<forContextMenu>true</forContextMenu>
			<key>(share):Share</key>
			<requiredPriv>(share)</requiredPriv>
			<value>javascript:performAction('share');</value>
		</web_buttons_subitem>
		<web_buttons_subitem type="properties">
			<forMenu>true</forMenu>
			<forContextMenu>true</forContextMenu>
			<key>(addbasket):Add To Basket</key>
			<requiredPriv>(read)</requiredPriv>
			<value>javascript:performAction('addToBasket');</value>
		</web_buttons_subitem>
		<web_buttons_subitem type="properties">
			<forMenu>true</forMenu>
			<forContextMenu>true</forContextMenu>
			<key>(showbasket):Show Basket</key>
			<requiredPriv></requiredPriv>
			<value>javascript:performAction('showBasket');</value>
		</web_buttons_subitem>
		<web_buttons_subitem type="properties">
			<forMenu>true</forMenu>
			<forContextMenu>false</forContextMenu>
			<key>(slideshow):Slideshow</key>
			<requiredPriv>(slideshow)</requiredPriv>
			<value>javascript:performAction('slideshow');</value>
		</web_buttons_subitem>
		<web_buttons_subitem type="properties">
			<forMenu>false</forMenu>
			<forContextMenu>true</forContextMenu>
			<key>(updateKeywords):Edit Keywords</key>
			<requiredPriv></requiredPriv>
			<value>javascript:performAction('updateKeywords');</value>
		</web_buttons_subitem>
		<web_buttons_subitem type="properties">
			<forMenu>false</forMenu>
			<forContextMenu>true</forContextMenu>
			<key>(slideshow):QuickView</key>
			<requiredPriv>(slideshow)</requiredPriv>
			<value>javascript:performAction('quickView');</value>
		</web_buttons_subitem>
		<web_buttons_subitem type="properties">
			<forMenu>false</forMenu>
			<forContextMenu>true</forContextMenu>
			<key>(slideshow):Preview</key>
			<requiredPriv>(slideshow)</requiredPriv>
			<value>javascript:performAction("Preview");</value>
		</web_buttons_subitem>
		<web_buttons_subitem type="properties">
			<forMenu>true</forMenu>
			<forContextMenu>true</forContextMenu>
			<key>(login):Login</key>
			<requiredPriv></requiredPriv>
			<value>/WebInterface/login.html</value>
		</web_buttons_subitem>
		<web_buttons_subitem type="properties">
			<forMenu>true</forMenu>
			<forContextMenu>false</forContextMenu>
			<key>(logout):Logout</key>
			<requiredPriv></requiredPriv>
			<value>javascript:doLogout();</value>
		</web_buttons_subitem>
	</web_buttons>
	<DisallowListingDirectories>false</DisallowListingDirectories>
	<WebServerMode>false</WebServerMode>
	<root_dir>/</root_dir>
	<expire_password_days>30</expire_password_days>
	<char_encoding>UTF-8</char_encoding>
	<userVersion>6</userVersion>
	<ratio>0</ratio>
	<ignore_max_logins>false</ignore_max_logins>
	<max_upload_size>0</max_upload_size>
	<css></css>
	<as2EncryptKeystoreFormat>JKS</as2EncryptKeystoreFormat>
	<max_download_amount>0</max_download_amount>
	<vfs_modified>0</vfs_modified>
	<require_encryption>false</require_encryption>
	<account_expire_delete>false</account_expire_delete>
	<notes></notes>
	<account_expire_rolling_days></account_expire_rolling_days>
	<as2EncryptKeyPassword></as2EncryptKeyPassword>
	<version>1.0</version>
	<max_upload_amount>0</max_upload_amount>
	<max_download_amount_day>0</max_download_amount_day>
	<javascript></javascript>
	<max_logins>0</max_logins>
	<block_access></block_access>
	<ratio_field_permanent>false</ratio_field_permanent>
	<ip_restrictions type="vector">
		<ip_restrictions_subitem type="properties">
			<start_ip>0.0.0.0</start_ip>
			<type>A</type>
			<stop_ip>255.255.255.255</stop_ip>
		</ip_restrictions_subitem>
	</ip_restrictions>
</userfile>

